#ID	Name
G1	yneL
G2	nikR
G3	dnaA
G4	tdcA
G5	yhjB
G6	nemR
G7	cspA
G8	metR
G9	dhaR
G10	rcsA
G11	araC
G12	adiY
G13	nac
G14	yqhC
G15	decoy18
G16	yjjM
G17	rpoN
G18	ykgD
G19	marR
G20	cspE
G21	yciT
G22	lrhA
G23	fis
G24	csiR
G25	rbsR
G26	yebK
G27	rpoE
G28	decoy11
G29	gcvR
G30	decoy9
G31	sdiA
G32	uidR
G33	yihL
G34	decoy6
G35	ygbI
G36	glcC
G37	rtcR
G38	cdaR
G39	birA
G40	ydiP
G41	mcbR
G42	luxS
G43	arsR
G44	ascG
G45	yfeR
G46	abrB
G47	yafC
G48	hcaR
G49	decoy16
G50	decoy4
G51	mngR
G52	rseC
G53	feoC
G54	yahD
G55	crp
G56	tdcR
G57	hipB
G58	glpR
G59	ydcR
G60	mtlR
G61	sgrR
G62	ydhB
G63	crl
G64	decoy1
G65	racR
G66	phoB
G67	abgR
G68	uhpA
G69	pdhR
G70	decoy14
G71	frlR
G72	creB
G73	lexA
G74	nanR
G75	sgcR
G76	lacI
G77	pspB
G78	betI
G79	puuR
G80	dicA
G81	decoy30
G82	hipA
G83	dcuR
G84	metJ
G85	yqjI
G86	cpxR
G87	yrbA
G88	decoy19
G89	marA
G90	yeeY
G91	ybiH
G92	fnr
G93	osmE
G94	ygjM
G95	lsrR
G96	hdfR
G97	ytfH
G98	decoy2
G99	fhlA
G100	yiaU
G101	zraR
G102	yedW
G103	acrR
G104	feaR
G105	yidZ
G106	rhaR
G107	gntR
G108	ygaV
G109	kdpE
G110	flhD
G111	yddM
G112	yhaJ
G113	hupB
G114	ykgA
G115	exuR
G116	iscR
G117	yfiE
G118	trpR
G119	ilvY
G120	cusR
G121	kdgR
G122	srlR
G123	envR
G124	ygeV
G125	phoP
G126	decoy22
G127	nadR
G128	chbR
G129	yidF
G130	arcB
G131	matA
G132	yfaX
G133	decoy8
G134	ebgR
G135	ttdR
G136	ygeH
G137	yjiR
G138	evgA
G139	frmR
G140	cysB
G141	fimZ
G142	pspF
G143	ycaN
G144	baeR
G145	malT
G146	yijO
G147	fadR
G148	xapR
G149	aaeR
G150	csgD
G151	caiF
G152	deoR
G153	ycjZ
G154	yjdC
G155	ygiV
G156	frvR
G157	dsdC
G158	yidL
G159	decoy3
G160	prpR
G161	fucR
G162	zntR
G163	mqsR
G164	ada
G165	ypdC
G166	torR
G167	melR
G168	mntR
G169	atoC
G170	tyrR
G171	yeiL
G172	nrdR
G173	ypdB
G174	norR
G175	paaX
G176	dgsA
G177	eutR
G178	mhpR
G179	pepA
G180	yhcF
G181	yeaT
G182	sfsB
G183	hupA
G184	ygfI
G185	yphH
G186	yjiE
G187	lldR
G188	gadW
G189	treR
G190	ydeM
G191	ydfH
G192	narL
G193	cueR
G194	flgM
G195	decoy20
G196	decoy28
G197	cbl
G198	ycjW
G199	purR
G200	yagI
G201	rpoD
G202	fabR
G203	bolA
G204	rpoH
G205	gcvA
G206	yidP
G207	iclR
G208	nsrR
G209	rstA
G210	rob
G211	dgoR
G212	rfaH
G213	yehT
G214	yfeD
G215	yfhH
G216	yefM
G217	yiiE
G218	ybdO
G219	flhC
G220	narP
G221	ulaR
G222	ybhD
G223	argR
G224	rutR
G225	decoy13
G226	yjhI
G227	galR
G228	yjhU
G229	ydjF
G230	yeiE
G231	yghO
G232	argP
G233	gutM
G234	basR
G235	oxyR
G236	rhaS
G237	ybaQ
G238	yaiV
G239	decoy10
G240	decoy15
G241	asnC
G242	rho
G243	fecI
G244	lrp
G245	rpiR
G246	fecR
G247	yiaJ
G248	decoy23
G249	qseB
G250	ydcN
G251	cadC
G252	decoy17
G253	uxuR
G254	gadX
G255	modE
G256	decoy24
G257	ycfQ
G258	agaR
G259	gadE
G260	nagC
G261	gatR
G262	envY
G263	allS
G264	nhaR
G265	yihW
G266	decoy7
G267	decoy5
G268	ihfB
G269	malI
G270	ygeK
G271	ydeO
G272	yagP
G273	bglJ
G274	rcsB
G275	yahB
G276	ychQ
G277	cytR
G278	mprA
G279	leuO
G280	putA
G281	hns
G282	fruR
G283	ompR
G284	relE
G285	xylR
G286	ynfL
G287	alpA
G288	decoy12
G289	rcnR
G290	decoy21
G291	ychA
G292	yjfJ
G293	cspC
G294	ybeF
G295	rseB
G296	yaiW
G297	decoy25
G298	yjgJ
G299	yoeB
G300	dpiA
G301	hyfR
G302	mlrA
G303	glnG
G304	ybaO
G305	fur
G306	pspC
G307	decoy27
G308	yneJ
G309	soxS
G310	ytfA
G311	idnR
G312	ybhN
G313	arcA
G314	yeaM
G315	galS
G316	rpoS
G317	lysR
G318	yiaG
G319	appY
G320	decoy26
G321	phnF
G322	yhjC
G323	soxR
G324	decoy29
G325	alaS
G326	slyA
G327	ydcI
G328	zur
G329	fliA
G330	allR
G331	stpA
G332	relB
G333	ihfA
G334	cynR
G335	ryfA
G336	rplK
G337	otsB
G338	rpsS
G339	guaD
G340	sufC
G341	yccW
G342	ilvE
G343	paaK
G344	ybgH
G345	intR
G346	ymgD
G347	yeeJ
G348	rplS
G349	trpT
G350	deaD
G351	ccmA
G352	ycaM
G353	flgF
G354	nfrB
G355	dgt
G356	ybjK
G357	yahN
G358	ptrB
G359	ydaG
G360	add
G361	yciC
G362	yihO
G363	argD
G364	ycjT
G365	rplR
G366	yhiN
G367	copA
G368	yicC
G369	garP
G370	frlD
G371	afuB
G372	yghS
G373	yigF
G374	yicG
G375	yijP
G376	yadK
G377	yfhA
G378	ryeC
G379	tag
G380	ompG
G381	ybbP
G382	garK
G383	decoy126
G384	waaU
G385	potH
G386	pldA
G387	mnmA
G388	ydfW
G389	intS
G390	gapC
G391	ypdF
G392	yiaO
G393	ygjJ
G394	polA
G395	hda
G396	yjaA
G397	ydhI
G398	modB
G399	tsf
G400	leuX
G401	ydgH
G402	csrB
G403	menD
G404	gloB
G405	yfgM
G406	yagW
G407	tatB
G408	entD
G409	yfaA
G410	poxB
G411	yeeU
G412	yqhG
G413	flhA
G414	nlpE
G415	ybfK
G416	yeeO
G417	uxaC
G418	cusC
G419	hemF
G420	mltD
G421	mdaB
G422	tauB
G423	yjgF
G424	norV
G425	modA
G426	yacG
G427	gpp
G428	cmoB
G429	yfdF
G430	fieF
G431	flgC
G432	ldcA
G433	acrA
G434	ilvB
G435	ogrK
G436	decoy207
G437	mdtD
G438	frlA
G439	ygbJ
G440	yqaE
G441	iaaA
G442	rsxA
G443	mtlD
G444	argC
G445	rhsA
G446	pinH
G447	cspH
G448	araE
G449	wzb
G450	uvrB
G451	yhbY
G452	glgB
G453	ygjG
G454	fimE
G455	yfaQ
G456	decoy155
G457	gsp
G458	gfcA
G459	speA
G460	nudL
G461	exoD
G462	ligA
G463	alr
G464	groS
G465	cysA
G466	yhdP
G467	ykfJ
G468	frlC
G469	cadA
G470	djlC
G471	gudD
G472	ndk
G473	alsK
G474	folC
G475	dgkA
G476	ybiB
G477	yphG
G478	quuQ
G479	yfdM
G480	glnQ
G481	yadG
G482	trpC
G483	ypeA
G484	yjhC
G485	lit
G486	ecnA
G487	yibF
G488	nuoG
G489	recO
G490	ftsK
G491	ygjN
G492	ulaD
G493	mdtJ
G494	yfhM
G495	tnaC
G496	rseX
G497	ydjE
G498	ylbG
G499	rpsF
G500	yoaB
G501	yajO
G502	mdoC
G503	ymgA
G504	ddlA
G505	truD
G506	yecT
G507	ftsX
G508	yciW
G509	elbA
G510	dipZ
G511	ybfO
G512	pepD
G513	folP
G514	yajL
G515	tynA
G516	yiaB
G517	gmr
G518	hslJ
G519	purA
G520	pitB
G521	fumA
G522	wbbL
G523	leuE
G524	yiiS
G525	gatZ
G526	ygcR
G527	yhfX
G528	yicR
G529	insJ
G530	intA
G531	decoy181
G532	ftsL
G533	eutS
G534	aceB
G535	btuE
G536	ykfB
G537	yihX
G538	wcaB
G539	lsrF
G540	rhsC
G541	ybbA
G542	symR
G543	decoy31
G544	ydhT
G545	fiu
G546	pps
G547	ygfA
G548	hypF
G549	menF
G550	rfaB
G551	yqcC
G552	yafM
G553	ytcA
G554	yadD
G555	yjbB
G556	mraY
G557	yhaK
G558	acrD
G559	yiaC
G560	dld
G561	phoE
G562	msbA
G563	gspI
G564	lysP
G565	aroL
G566	pdxK
G567	yfaT
G568	rsmB
G569	rpiA
G570	garR
G571	mltF
G572	rrfA
G573	decoy154
G574	rimK
G575	ftsB
G576	yfaD
G577	pheT
G578	yjcZ
G579	kbaY
G580	hybF
G581	ygfK
G582	yfjS
G583	yedR
G584	uhpB
G585	ypjD
G586	yghE
G587	mdtB
G588	ygeN
G589	xseA
G590	hyfB
G591	hsdR
G592	moaA
G593	ompF
G594	decoy161
G595	yhbU
G596	brnQ
G597	insH
G598	yggS
G599	mtn
G600	lysU
G601	leuD
G602	yfgO
G603	ybgF
G604	lpxT
G605	yhhX
G606	ygdT
G607	yifK
G608	amn
G609	yjgA
G610	gspC
G611	rfaI
G612	intZ
G613	yafJ
G614	cls
G615	mppA
G616	bfd
G617	csrD
G618	yhhZ
G619	livF
G620	rbn
G621	cadB
G622	gmm
G623	yhhJ
G624	rlmF
G625	ytfI
G626	ygcP
G627	ygiL
G628	ubiC
G629	pgsA
G630	yagK
G631	yciM
G632	ftnB
G633	exoX
G634	rcnA
G635	yggX
G636	pth
G637	yggM
G638	decoy116
G639	fliS
G640	yhaO
G641	mdtP
G642	yggN
G643	ybiP
G644	phr
G645	iap
G646	ybcV
G647	abgB
G648	queC
G649	ybfB
G650	livJ
G651	ybhU
G652	yfbM
G653	speC
G654	yaiO
G655	cysE
G656	amiB
G657	hflD
G658	ahpF
G659	cydA
G660	decoy120
G661	alx
G662	tolB
G663	ompW
G664	ymfR
G665	phoQ
G666	hdeD
G667	yhaH
G668	hflX
G669	ydcO
G670	pagB
G671	thrB
G672	tfaD
G673	gcvT
G674	ddlB
G675	ychF
G676	yobF
G677	ygfQ
G678	napB
G679	ydjL
G680	xylE
G681	fucU
G682	aaaD
G683	yohO
G684	nuoH
G685	ddpA
G686	pyrL
G687	decoy86
G688	nikC
G689	abgA
G690	speD
G691	chbB
G692	rimI
G693	yhdZ
G694	yncL
G695	htrL
G696	ydiM
G697	ybcF
G698	yohF
G699	yraN
G700	metE
G701	emrD
G702	sdhC
G703	yoaF
G704	uidA
G705	elbB
G706	yfgD
G707	yhfK
G708	yhaM
G709	yoaI
G710	rnt
G711	sokA
G712	cmtA
G713	mrdA
G714	hisP
G715	yjjJ
G716	rpoA
G717	decoy197
G718	dsbG
G719	eco
G720	eutL
G721	ymjA
G722	yieH
G723	decoy94
G724	seqA
G725	def
G726	proC
G727	decoy206
G728	ybdF
G729	lpxP
G730	ddpF
G731	dsbC
G732	yqiB
G733	glgS
G734	ykgG
G735	yafV
G736	ybiX
G737	decoy47
G738	hemC
G739	yehR
G740	hybE
G741	rsxG
G742	ygeF
G743	yqjK
G744	yghG
G745	dpiB
G746	kefB
G747	yhiQ
G748	yafS
G749	treF
G750	yjgM
G751	yiiG
G752	pauD
G753	prc
G754	yeaZ
G755	secY
G756	bcsG
G757	yfbR
G758	ysaD
G759	ycbX
G760	ylbH
G761	ybcN
G762	talB
G763	intG
G764	iraP
G765	rluB
G766	yceM
G767	ygfZ
G768	eutQ
G769	cysG
G770	prfC
G771	ymgC
G772	yjcS
G773	yggC
G774	sufS
G775	lpcA
G776	ycgR
G777	ydiS
G778	btuC
G779	yadS
G780	viaA
G781	yjeP
G782	xylF
G783	ldhA
G784	uspA
G785	gyrA
G786	gpmA
G787	ybhK
G788	rplI
G789	ybcW
G790	yqeH
G791	astA
G792	yaiA
G793	ypfM
G794	hyfG
G795	ykfG
G796	micF
G797	argG
G798	rne
G799	puuB
G800	sgcC
G801	rsgA
G802	ypjI
G803	decoy71
G804	accB
G805	nudF
G806	yddV
G807	efeO
G808	idnD
G809	fabA
G810	rplM
G811	rlmB
G812	rttR
G813	hisQ
G814	rffM
G815	poxA
G816	tehA
G817	cysM
G818	yehY
G819	elaA
G820	truC
G821	ydiJ
G822	sfmD
G823	fepB
G824	tauD
G825	yfcR
G826	accA
G827	mukB
G828	yfcD
G829	yraM
G830	mgsA
G831	decoy34
G832	decoy51
G833	eutG
G834	eutH
G835	motB
G836	fxsA
G837	idnO
G838	rna
G839	recX
G840	ynjH
G841	sfmA
G842	mmuM
G843	ybiY
G844	nrdH
G845	atpC
G846	rraB
G847	sodA
G848	ryeA
G849	yegT
G850	uspF
G851	isrB
G852	ygbE
G853	glyA
G854	yhdV
G855	dcuS
G856	infA
G857	moaC
G858	ygcH
G859	yadH
G860	rrmJ
G861	decoy119
G862	uvrY
G863	wcaI
G864	hcp
G865	stfR
G866	ybjJ
G867	decoy37
G868	ybcI
G869	ynfE
G870	leuS
G871	yneH
G872	thrV
G873	decoy79
G874	yqiJ
G875	sppA
G876	nirD
G877	yrbG
G878	dinB
G879	edd
G880	ybbL
G881	malZ
G882	atpI
G883	pgm
G884	fliD
G885	yggP
G886	proX
G887	acs
G888	yafO
G889	omrA
G890	leuW
G891	rffD
G892	cspB
G893	yfiR
G894	panC
G895	trkG
G896	aidB
G897	hisJ
G898	parC
G899	ydeU
G900	rbfA
G901	yebT
G902	yahC
G903	uidB
G904	ycaL
G905	mutM
G906	hyfF
G907	tdcE
G908	decoy113
G909	yigG
G910	mrr
G911	flhB
G912	ruvB
G913	ygiF
G914	dhaL
G915	rmuC
G916	insO
G917	yphD
G918	holC
G919	ydjI
G920	yfeC
G921	ykfC
G922	yfdQ
G923	pgaB
G924	phnH
G925	ydhV
G926	symE
G927	hyuA
G928	yigE
G929	dusC
G930	oxyS
G931	dinI
G932	lolA
G933	yihR
G934	cysU
G935	ryhA
G936	aldA
G937	malS
G938	decoy122
G939	yjdF
G940	decoy45
G941	decoy53
G942	groL
G943	fabH
G944	yoaH
G945	fhuA
G946	fpr
G947	purH
G948	cyaR
G949	ppx
G950	rimL
G951	rplE
G952	kbaZ
G953	manA
G954	yejA
G955	macB
G956	fabB
G957	cbrC
G958	gpsA
G959	mokA
G960	yggT
G961	metH
G962	mdlA
G963	ymdC
G964	emrK
G965	sdhA
G966	uvrD
G967	decoy190
G968	yicO
G969	ykgO
G970	chbG
G971	yojI
G972	nfsB
G973	decoy211
G974	gspA
G975	nudE
G976	ytfL
G977	yhjD
G978	uup
G979	yrbD
G980	yecH
G981	secF
G982	dacA
G983	cbrA
G984	yfjL
G985	ymfM
G986	ybhQ
G987	eutT
G988	rlpA
G989	dsdA
G990	ygiH
G991	yegR
G992	dusB
G993	yfgF
G994	yheV
G995	oppC
G996	hisF
G997	ydcT
G998	fixA
G999	thrU
G1000	cysW
G1001	yrdD
G1002	oxc
G1003	yhdT
G1004	proQ
G1005	mcrC
G1006	yjgH
G1007	ybiU
G1008	proV
G1009	glf
G1010	leuU
G1011	decoy145
G1012	yecN
G1013	yhbQ
G1014	nei
G1015	ylcH
G1016	yccX
G1017	ygbT
G1018	htpG
G1019	ilvL
G1020	uof
G1021	dxr
G1022	yidJ
G1023	rpsT
G1024	dedD
G1025	ygaQ
G1026	ydcY
G1027	ilvC
G1028	yedE
G1029	tdcD
G1030	rpoB
G1031	yfjK
G1032	yjdL
G1033	uxuB
G1034	tdcF
G1035	icd
G1036	tnaB
G1037	aaeA
G1038	ybeA
G1039	betT
G1040	yjhV
G1041	decoy97
G1042	mdlB
G1043	yhcG
G1044	yodC
G1045	tatC
G1046	ydgC
G1047	nikB
G1048	ygcU
G1049	rpsO
G1050	ycdX
G1051	malK
G1052	ymcE
G1053	yjhX
G1054	yciG
G1055	yraH
G1056	decoy96
G1057	rutF
G1058	ppiA
G1059	rbbA
G1060	pmbA
G1061	fhuD
G1062	gatY
G1063	appC
G1064	decoy168
G1065	kdsA
G1066	yhdH
G1067	zupT
G1068	yfaU
G1069	ymfP
G1070	xdhB
G1071	lyx
G1072	lhr
G1073	mdtL
G1074	ilvN
G1075	decoy81
G1076	ygdG
G1077	yqeJ
G1078	ydhA
G1079	pqiB
G1080	gatD
G1081	ymfQ
G1082	dacD
G1083	recG
G1084	ybfQ
G1085	yfgI
G1086	sohA
G1087	livG
G1088	decoy82
G1089	ppiD
G1090	csgE
G1091	entA
G1092	tff
G1093	yhdL
G1094	kduI
G1095	cfa
G1096	ydhP
G1097	mgtA
G1098	yidX
G1099	speE
G1100	pflA
G1101	nemA
G1102	yecS
G1103	ampG
G1104	citD
G1105	scpC
G1106	ydfU
G1107	ybfC
G1108	ais
G1109	decoy110
G1110	yadN
G1111	ytfR
G1112	ydhC
G1113	ddpX
G1114	eno
G1115	ydgJ
G1116	slp
G1117	chpA
G1118	ygcJ
G1119	yhiD
G1120	yqgF
G1121	yrbC
G1122	yagF
G1123	eutB
G1124	ybfE
G1125	yffO
G1126	ygcW
G1127	yidD
G1128	recE
G1129	truA
G1130	ygcB
G1131	yijE
G1132	insZ
G1133	melB
G1134	ycaR
G1135	aspS
G1136	decoy48
G1137	yjjP
G1138	rpsU
G1139	yffS
G1140	yedP
G1141	dtpB
G1142	ypjA
G1143	speG
G1144	ygeG
G1145	dcuB
G1146	fdhF
G1147	yebY
G1148	rsd
G1149	eutN
G1150	decoy105
G1151	yhiR
G1152	cedA
G1153	ybhJ
G1154	dam
G1155	ydiV
G1156	tyrP
G1157	cstA
G1158	arpA
G1159	bioH
G1160	dnaC
G1161	nadB
G1162	decoy163
G1163	yiaA
G1164	mltA
G1165	rzpR
G1166	ybiS
G1167	ybdL
G1168	yajD
G1169	yjcF
G1170	ruvA
G1171	decoy115
G1172	yqjE
G1173	fabZ
G1174	ygiS
G1175	ygfO
G1176	yfgG
G1177	mhpA
G1178	eutA
G1179	garD
G1180	slmA
G1181	ppdD
G1182	purT
G1183	kgtP
G1184	rfaS
G1185	yhcO
G1186	ydiU
G1187	ydjK
G1188	pgaD
G1189	yddB
G1190	lacA
G1191	yhiM
G1192	cmk
G1193	ybhO
G1194	yfaZ
G1195	lldP
G1196	yciZ
G1197	intD
G1198	recF
G1199	rpmE
G1200	ymfL
G1201	yhbO
G1202	yjgZ
G1203	mog
G1204	gshB
G1205	ycbU
G1206	frc
G1207	ybgJ
G1208	cspF
G1209	fabF
G1210	mdtK
G1211	ygiD
G1212	atoB
G1213	cho
G1214	yeaU
G1215	ybgI
G1216	baeS
G1217	pepQ
G1218	shiA
G1219	ksgA
G1220	hemG
G1221	atoD
G1222	purL
G1223	yraK
G1224	ydfN
G1225	yhdU
G1226	aqpZ
G1227	grxC
G1228	yafZ
G1229	yffQ
G1230	grxA
G1231	ycgE
G1232	maa
G1233	pabA
G1234	glyQ
G1235	yeeR
G1236	narZ
G1237	ftsY
G1238	msrA
G1239	yjfO
G1240	decoy160
G1241	yfeA
G1242	clpA
G1243	ybhA
G1244	yjjL
G1245	yehP
G1246	fumC
G1247	allC
G1248	rsmC
G1249	torZ
G1250	hlyE
G1251	yfbV
G1252	pawZ
G1253	yeiT
G1254	prkB
G1255	znuA
G1256	argA
G1257	ycjN
G1258	idi
G1259	yihS
G1260	yfdI
G1261	yebN
G1262	setB
G1263	secE
G1264	ybiO
G1265	fkpA
G1266	acrB
G1267	yacL
G1268	ycbC
G1269	yagA
G1270	pcm
G1271	secA
G1272	uvrC
G1273	sbcC
G1274	ymgF
G1275	clpP
G1276	ttcC
G1277	yheO
G1278	yjeK
G1279	ppdC
G1280	ytfE
G1281	phnI
G1282	rutC
G1283	rzpQ
G1284	iscA
G1285	decoy210
G1286	aaeX
G1287	decoy183
G1288	decoy182
G1289	yfgJ
G1290	glnH
G1291	ybgS
G1292	yieP
G1293	yieF
G1294	eamA
G1295	yfaW
G1296	yhjK
G1297	map
G1298	ydgU
G1299	anmK
G1300	yaeR
G1301	yccF
G1302	asmA
G1303	ybaE
G1304	hemX
G1305	raiA
G1306	yfdP
G1307	erpA
G1308	tdh
G1309	decoy185
G1310	rfbX
G1311	gspM
G1312	mhpT
G1313	yahE
G1314	mraW
G1315	apt
G1316	yicE
G1317	yjdQ
G1318	ansA
G1319	yoeA
G1320	yqjB
G1321	yghR
G1322	glmU
G1323	cyoE
G1324	rbsC
G1325	bcsF
G1326	rutD
G1327	yphA
G1328	glnB
G1329	yheL
G1330	gltK
G1331	gutQ
G1332	hmp
G1333	ycjG
G1334	yhdN
G1335	rplF
G1336	pdxA
G1337	decoy147
G1338	ybfM
G1339	flgN
G1340	ugpA
G1341	rplN
G1342	yejM
G1343	yodD
G1344	mscS
G1345	ytfB
G1346	yhbE
G1347	barA
G1348	secB
G1349	yjjZ
G1350	yhbJ
G1351	ibpA
G1352	yehM
G1353	yecF
G1354	nusG
G1355	ulaF
G1356	yccE
G1357	arnB
G1358	decoy195
G1359	atoS
G1360	dgoK
G1361	yhhY
G1362	btuR
G1363	psrO
G1364	yhhQ
G1365	purN
G1366	rsmF
G1367	ispB
G1368	cobU
G1369	nudJ
G1370	argH
G1371	yjbF
G1372	ycgZ
G1373	era
G1374	yddA
G1375	hepA
G1376	nadK
G1377	pqqL
G1378	tyrS
G1379	yhfT
G1380	smtA
G1381	ylaB
G1382	panE
G1383	decoy112
G1384	yjeI
G1385	rihC
G1386	decoy143
G1387	glxR
G1388	yeaJ
G1389	yejG
G1390	ybbD
G1391	katE
G1392	fimB
G1393	ypaB
G1394	hycC
G1395	norW
G1396	ygeA
G1397	ttdA
G1398	melA
G1399	decoy75
G1400	hslV
G1401	metG
G1402	nhoA
G1403	speB
G1404	gltB
G1405	yehE
G1406	hisC
G1407	decoy205
G1408	flgE
G1409	chaA
G1410	yeiS
G1411	ygfS
G1412	ybhL
G1413	yagT
G1414	lpxC
G1415	gltL
G1416	decoy204
G1417	yiaV
G1418	ubiG
G1419	yhgE
G1420	fucP
G1421	rfaL
G1422	pyrF
G1423	yceA
G1424	ydcU
G1425	intF
G1426	chpS
G1427	ssuB
G1428	tatD
G1429	thiI
G1430	ruvC
G1431	yjgK
G1432	rydB
G1433	dnaB
G1434	codB
G1435	pyrE
G1436	yagV
G1437	decoy208
G1438	yjcC
G1439	rpsE
G1440	yagU
G1441	yjiC
G1442	yfjT
G1443	nusB
G1444	zntA
G1445	cdsA
G1446	ytjA
G1447	ydiY
G1448	intE
G1449	decoy189
G1450	hokE
G1451	dnaN
G1452	ychM
G1453	priA
G1454	obgE
G1455	ymdE
G1456	decoy128
G1457	flgD
G1458	gabD
G1459	suhB
G1460	yqgB
G1461	pgaC
G1462	fliN
G1463	fkpB
G1464	epd
G1465	cld
G1466	ymfN
G1467	ydiN
G1468	rplB
G1469	cobS
G1470	nudG
G1471	ydjA
G1472	ydbH
G1473	agaC
G1474	murI
G1475	peaD
G1476	yjiL
G1477	skp
G1478	yjfZ
G1479	yeeD
G1480	ybaA
G1481	greA
G1482	dapE
G1483	yehC
G1484	minE
G1485	rutA
G1486	yqeK
G1487	prfB
G1488	yjeE
G1489	smg
G1490	nudC
G1491	dsbA
G1492	trpA
G1493	yqgE
G1494	glmS
G1495	ygaC
G1496	yfcC
G1497	yjiA
G1498	glnK
G1499	malX
G1500	rplP
G1501	matC
G1502	gspG
G1503	fic
G1504	visC
G1505	narJ
G1506	decoy87
G1507	lnt
G1508	yojO
G1509	yfiP
G1510	yadC
G1511	ydiR
G1512	znuC
G1513	decoy95
G1514	dcm
G1515	ompL
G1516	yedQ
G1517	yicT
G1518	mdtG
G1519	quuD
G1520	glmY
G1521	yajQ
G1522	sgcB
G1523	arnA
G1524	yfaY
G1525	pspD
G1526	gntP
G1527	lolE
G1528	nudK
G1529	murC
G1530	gatA
G1531	yciO
G1532	tdcB
G1533	yegI
G1534	cutA
G1535	hyi
G1536	exbD
G1537	ssrA
G1538	zraS
G1539	pflB
G1540	fepE
G1541	yedD
G1542	decoy100
G1543	fepG
G1544	yajG
G1545	carA
G1546	rfbD
G1547	ydfV
G1548	arrD
G1549	pyrI
G1550	yjgL
G1551	mtlA
G1552	yabP
G1553	mreC
G1554	dinG
G1555	decoy187
G1556	ybcM
G1557	yiaN
G1558	rhtA
G1559	rpsQ
G1560	prs
G1561	ydaE
G1562	puuP
G1563	yceG
G1564	phoA
G1565	rfaD
G1566	ftsA
G1567	yicN
G1568	yddJ
G1569	yegV
G1570	ykgB
G1571	ptsA
G1572	ghrA
G1573	hybG
G1574	ynaK
G1575	yhcE
G1576	yebB
G1577	grxD
G1578	msrB
G1579	yohK
G1580	thrL
G1581	hcaC
G1582	ygbL
G1583	yghF
G1584	yadM
G1585	osmB
G1586	nanE
G1587	wcaF
G1588	fucI
G1589	hycG
G1590	yraJ
G1591	ynfC
G1592	gnsA
G1593	yddE
G1594	yohN
G1595	dmsD
G1596	nupX
G1597	decoy194
G1598	trkH
G1599	ygfM
G1600	dacC
G1601	entF
G1602	yjeM
G1603	pncB
G1604	gudX
G1605	aes
G1606	vacJ
G1607	ynbC
G1608	aphA
G1609	prfH
G1610	decoy127
G1611	decoy199
G1612	murE
G1613	yeeF
G1614	fabG
G1615	mdtQ
G1616	serA
G1617	sspA
G1618	ylcG
G1619	elaB
G1620	ybeM
G1621	rpsB
G1622	ycdZ
G1623	ykfF
G1624	focB
G1625	ybjO
G1626	mrdB
G1627	yhgA
G1628	yqjH
G1629	ycbQ
G1630	yjgR
G1631	frdA
G1632	ybgQ
G1633	potG
G1634	sbmA
G1635	yjgP
G1636	thiQ
G1637	cof
G1638	mutL
G1639	appA
G1640	lpp
G1641	yjhQ
G1642	bcr
G1643	uhpT
G1644	cybC
G1645	phoU
G1646	decoy98
G1647	metQ
G1648	rybA
G1649	cycA
G1650	ahpC
G1651	yebC
G1652	yiiD
G1653	glcB
G1654	rfaZ
G1655	ykiA
G1656	yibJ
G1657	rarA
G1658	yjcH
G1659	rfaC
G1660	ggt
G1661	xerC
G1662	ptsG
G1663	ynfD
G1664	yjbE
G1665	yedL
G1666	yegH
G1667	decoy179
G1668	mioC
G1669	yiaW
G1670	yegQ
G1671	decoy117
G1672	hisI
G1673	tppB
G1674	nepI
G1675	rnd
G1676	ycfT
G1677	dnaK
G1678	ydfJ
G1679	ybfI
G1680	yghQ
G1681	yheM
G1682	cydC
G1683	ydjG
G1684	decoy63
G1685	ydeE
G1686	entS
G1687	ylaC
G1688	yeeS
G1689	yliF
G1690	fadK
G1691	nlpI
G1692	rfaG
G1693	nrfD
G1694	ydbJ
G1695	agaD
G1696	amiD
G1697	mak
G1698	mreD
G1699	yadE
G1700	rffH
G1701	rhsE
G1702	putP
G1703	cpxA
G1704	lsrC
G1705	nrfC
G1706	cybB
G1707	yibQ
G1708	bdm
G1709	emrE
G1710	proS
G1711	decoy35
G1712	wcaA
G1713	yeaL
G1714	ycaO
G1715	agaB
G1716	grpE
G1717	yfgC
G1718	yagR
G1719	nanA
G1720	ybbM
G1721	frwB
G1722	yhhM
G1723	ydiF
G1724	ygfF
G1725	yafQ
G1726	icdC
G1727	alsA
G1728	yegW
G1729	gmk
G1730	nuoL
G1731	chaB
G1732	chpB
G1733	csdA
G1734	phnL
G1735	yeeW
G1736	fldA
G1737	yafU
G1738	sbcD
G1739	yegX
G1740	ytfQ
G1741	psrD
G1742	yjhD
G1743	glcF
G1744	proM
G1745	rph
G1746	yjhP
G1747	yeaI
G1748	fsaB
G1749	efp
G1750	gsiC
G1751	amtB
G1752	decoy59
G1753	wcaM
G1754	yhdE
G1755	decoy85
G1756	pabB
G1757	ybaK
G1758	rraA
G1759	yfeX
G1760	hemE
G1761	speF
G1762	yebF
G1763	acpP
G1764	yeaG
G1765	tonB
G1766	solA
G1767	prpB
G1768	gatB
G1769	ytfK
G1770	rfaJ
G1771	ydhW
G1772	torA
G1773	rplW
G1774	ygiN
G1775	wzc
G1776	glnP
G1777	fliE
G1778	ptsI
G1779	ydfP
G1780	adk
G1781	rseA
G1782	efeU
G1783	araH
G1784	ybeB
G1785	emtA
G1786	ykgJ
G1787	adhP
G1788	decoy156
G1789	ybiC
G1790	thrC
G1791	mobA
G1792	gatC
G1793	yqjG
G1794	hisM
G1795	xylG
G1796	wzyE
G1797	ybfP
G1798	ygiZ
G1799	pflD
G1800	macA
G1801	yjjG
G1802	murQ
G1803	dnaQ
G1804	decoy213
G1805	ycfH
G1806	rplV
G1807	ybjI
G1808	tmk
G1809	yggU
G1810	ycjD
G1811	yaiX
G1812	yeaX
G1813	phnJ
G1814	mntH
G1815	cheB
G1816	frr
G1817	bglB
G1818	decoy90
G1819	yagM
G1820	yihF
G1821	yijF
G1822	thrT
G1823	yfjR
G1824	ygcQ
G1825	gfcC
G1826	yfcL
G1827	ugpC
G1828	ycaD
G1829	arnT
G1830	hycB
G1831	ydiE
G1832	yciQ
G1833	ompN
G1834	rpsG
G1835	srlD
G1836	decoy56
G1837	pgi
G1838	atoA
G1839	gspO
G1840	yibK
G1841	ybbN
G1842	gdhA
G1843	decoy203
G1844	aspA
G1845	yehI
G1846	hycD
G1847	flgI
G1848	bioF
G1849	nlpC
G1850	ydbA
G1851	ybhB
G1852	btuD
G1853	gspL
G1854	kefA
G1855	ydaU
G1856	yncJ
G1857	ubiH
G1858	sfmC
G1859	ycgX
G1860	yecA
G1861	yieG
G1862	ydeJ
G1863	ycgV
G1864	hcaF
G1865	fryC
G1866	dinD
G1867	eutP
G1868	rhaT
G1869	yfcQ
G1870	ybjX
G1871	mhpE
G1872	ydgK
G1873	agaW
G1874	hyaA
G1875	ymgJ
G1876	yncH
G1877	citF
G1878	yjjQ
G1879	ubiD
G1880	gpt
G1881	menC
G1882	yjfF
G1883	pepB
G1884	qor
G1885	decoy114
G1886	fecB
G1887	ybaP
G1888	ascF
G1889	rsmD
G1890	ileY
G1891	tnaA
G1892	ydbC
G1893	oppF
G1894	yaiY
G1895	ycfS
G1896	decoy150
G1897	argI
G1898	ybbY
G1899	yeeP
G1900	yncG
G1901	ygfJ
G1902	eutJ
G1903	flhE
G1904	dnaG
G1905	phoR
G1906	metA
G1907	rygC
G1908	mpaA
G1909	yfdO
G1910	hscB
G1911	dsbB
G1912	essD
G1913	smpA
G1914	argS
G1915	yfiQ
G1916	decoy39
G1917	argF
G1918	eaeH
G1919	yffR
G1920	hyfD
G1921	kefG
G1922	yceH
G1923	ybaL
G1924	tas
G1925	mnmG
G1926	yaaA
G1927	dps
G1928	asr
G1929	ybbB
G1930	yggR
G1931	tus
G1932	dinF
G1933	yihN
G1934	glpG
G1935	yeaV
G1936	pagP
G1937	srlE
G1938	ylbF
G1939	aaeB
G1940	csgF
G1941	mazG
G1942	minC
G1943	wcaJ
G1944	hyfA
G1945	yfaH
G1946	apbE
G1947	fsaA
G1948	ybgK
G1949	emrY
G1950	nuoK
G1951	yeaQ
G1952	osmC
G1953	thiC
G1954	cusA
G1955	yjiK
G1956	yihV
G1957	frwD
G1958	yccT
G1959	leuL
G1960	ynbB
G1961	maeB
G1962	mhpF
G1963	aroM
G1964	yfjO
G1965	queA
G1966	yahK
G1967	yieL
G1968	maeA
G1969	ilvH
G1970	pepT
G1971	yoaC
G1972	selB
G1973	paaI
G1974	mhpB
G1975	menA
G1976	rffG
G1977	mdoB
G1978	yihD
G1979	pppA
G1980	ubiA
G1981	fdhD
G1982	yneN
G1983	ycgB
G1984	sgcX
G1985	tauA
G1986	yraP
G1987	agaS
G1988	yahI
G1989	iadA
G1990	livH
G1991	ydjO
G1992	decoy169
G1993	astB
G1994	yecD
G1995	ymfI
G1996	sgbU
G1997	rnpB
G1998	yibT
G1999	ycfP
G2000	yhcH
G2001	arrQ
G2002	fdoH
G2003	phnE
G2004	yiaD
G2005	hofP
G2006	decoy212
G2007	pepE
G2008	cusS
G2009	wcaK
G2010	ymbA
G2011	yjjY
G2012	yjeT
G2013	yaeQ
G2014	slyB
G2015	rlpB
G2016	ybdD
G2017	yliI
G2018	yfiH
G2019	yraI
G2020	ydhJ
G2021	cynX
G2022	yidA
G2023	fixB
G2024	cyoB
G2025	araA
G2026	ycjU
G2027	uxaB
G2028	proK
G2029	aslA
G2030	garL
G2031	malF
G2032	yeaE
G2033	ybbW
G2034	mtfA
G2035	yphB
G2036	sfsA
G2037	yagH
G2038	gmd
G2039	yhcA
G2040	yhdY
G2041	dmsA
G2042	yicL
G2043	napD
G2044	cspI
G2045	yhiL
G2046	decoy175
G2047	yqeB
G2048	ydcM
G2049	hyfH
G2050	sspB
G2051	dos
G2052	yjjW
G2053	yegP
G2054	purE
G2055	cysT
G2056	vsr
G2057	rplJ
G2058	nrdE
G2059	yjaB
G2060	ybdG
G2061	yneK
G2062	rygD
G2063	rpsP
G2064	rihB
G2065	ygcN
G2066	ghrB
G2067	frsA
G2068	tpx
G2069	gltS
G2070	decoy102
G2071	lplT
G2072	fadA
G2073	ccmF
G2074	fliQ
G2075	corA
G2076	rpsL
G2077	yjaG
G2078	recC
G2079	yeeN
G2080	damX
G2081	decoy164
G2082	atpA
G2083	wecH
G2084	yeeL
G2085	rpmB
G2086	rfbA
G2087	ydaC
G2088	menE
G2089	selD
G2090	ytfP
G2091	thiE
G2092	ydjZ
G2093	hdhA
G2094	yhiJ
G2095	ygbA
G2096	yqcE
G2097	yfiD
G2098	pssA
G2099	yniD
G2100	yfbK
G2101	decoy173
G2102	eutE
G2103	mcrA
G2104	yggW
G2105	fepC
G2106	decoy188
G2107	decoy135
G2108	rffA
G2109	yjfN
G2110	rdgC
G2111	ampE
G2112	yhjR
G2113	yhfY
G2114	ynjC
G2115	yifN
G2116	yigZ
G2117	bglF
G2118	yidR
G2119	can
G2120	pspG
G2121	manY
G2122	fucA
G2123	rstB
G2124	rtcB
G2125	fecD
G2126	yceN
G2127	ybgE
G2128	mdtA
G2129	ariR
G2130	moaD
G2131	yafW
G2132	hofN
G2133	wza
G2134	pntA
G2135	dcuA
G2136	isrC
G2137	ydeP
G2138	yfjF
G2139	avtA
G2140	citT
G2141	ulaE
G2142	yhaI
G2143	yejL
G2144	ysaB
G2145	phnD
G2146	diaA
G2147	htrG
G2148	clpB
G2149	ydfI
G2150	cheZ
G2151	ygjQ
G2152	ybhG
G2153	yjgI
G2154	caiT
G2155	frmA
G2156	gsk
G2157	chbA
G2158	yhdW
G2159	tolR
G2160	btuB
G2161	rplQ
G2162	ppdB
G2163	hsdM
G2164	ytfM
G2165	glmM
G2166	rsxD
G2167	yfdY
G2168	yebV
G2169	nhaA
G2170	yfdL
G2171	ddpD
G2172	yjiJ
G2173	rdlD
G2174	yjdA
G2175	yjiV
G2176	yfeS
G2177	mreB
G2178	yhfG
G2179	yhfZ
G2180	ung
G2181	ygjV
G2182	ydjH
G2183	ygcI
G2184	mepA
G2185	ycdU
G2186	yrhC
G2187	moeA
G2188	yeaY
G2189	serV
G2190	secM
G2191	metB
G2192	gcl
G2193	yhjX
G2194	arnD
G2195	yncK
G2196	metK
G2197	wcaE
G2198	ttdB
G2199	nadA
G2200	yfbU
G2201	dsrB
G2202	yfbP
G2203	lysA
G2204	rdoA
G2205	hisB
G2206	insG
G2207	yafY
G2208	surE
G2209	yedK
G2210	rhlB
G2211	ygfT
G2212	decoy77
G2213	rfe
G2214	ygjD
G2215	ybjL
G2216	yabI
G2217	fimG
G2218	ebgC
G2219	yncB
G2220	ylbI
G2221	yihM
G2222	ccmH
G2223	cmtB
G2224	sbp
G2225	serC
G2226	ubiE
G2227	ycbJ
G2228	fes
G2229	narY
G2230	yfjZ
G2231	sstT
G2232	zitB
G2233	yghZ
G2234	ftsQ
G2235	yehL
G2236	yagS
G2237	adiC
G2238	sucB
G2239	ycgM
G2240	alsC
G2241	rpsA
G2242	paaC
G2243	ybdJ
G2244	csgG
G2245	ryjB
G2246	hyfC
G2247	bamC
G2248	mrp
G2249	ccmD
G2250	decoy68
G2251	scpA
G2252	glgC
G2253	ptsN
G2254	yejH
G2255	xdhA
G2256	aroK
G2257	yahG
G2258	tsx
G2259	rfbB
G2260	yhhT
G2261	crcB
G2262	pphA
G2263	yebO
G2264	paaJ
G2265	sufB
G2266	decoy50
G2267	decoy151
G2268	yjiM
G2269	dppF
G2270	yciK
G2271	ybcY
G2272	cmr
G2273	clcB
G2274	yfeK
G2275	ynfN
G2276	metI
G2277	decoy200
G2278	ygiB
G2279	decoy159
G2280	fmt
G2281	smf
G2282	citC
G2283	yddG
G2284	yfcA
G2285	nudB
G2286	yedY
G2287	ynfH
G2288	ybgD
G2289	otsA
G2290	ydcA
G2291	bssS
G2292	gltJ
G2293	gltI
G2294	cpsG
G2295	yjeJ
G2296	ybeT
G2297	hscA
G2298	ygbN
G2299	coaE
G2300	hflK
G2301	ygaP
G2302	dctA
G2303	hycE
G2304	rnr
G2305	ybiJ
G2306	alsB
G2307	rdgB
G2308	yijD
G2309	rnk
G2310	yjhE
G2311	npr
G2312	bacA
G2313	araJ
G2314	gadA
G2315	fbaB
G2316	pstS
G2317	glcD
G2318	trpB
G2319	rhaB
G2320	ybgO
G2321	nuoN
G2322	rpmG
G2323	sokB
G2324	glpX
G2325	umuC
G2326	xapA
G2327	fliZ
G2328	decoy93
G2329	yibN
G2330	nagA
G2331	cysP
G2332	yafP
G2333	ycjX
G2334	spy
G2335	mdoH
G2336	decoy89
G2337	alsE
G2338	yiaF
G2339	tktB
G2340	dadA
G2341	cysK
G2342	fruK
G2343	kdpD
G2344	wbbK
G2345	tfaS
G2346	thrS
G2347	ybaV
G2348	yafN
G2349	decoy99
G2350	ybbC
G2351	yrhA
G2352	yfdN
G2353	fixX
G2354	yaeP
G2355	kdgT
G2356	yfiN
G2357	rplO
G2358	ydhS
G2359	yegS
G2360	nusA
G2361	kduD
G2362	yfcJ
G2363	ycfD
G2364	lgt
G2365	bamB
G2366	ymfT
G2367	ybiV
G2368	pfkA
G2369	ybiT
G2370	sapB
G2371	yciV
G2372	ygdR
G2373	yaaW
G2374	yfjU
G2375	sucC
G2376	yjcE
G2377	ykgM
G2378	lolD
G2379	stfE
G2380	yagQ
G2381	polB
G2382	folM
G2383	hsdS
G2384	mutT
G2385	sgcE
G2386	cmoA
G2387	fepA
G2388	relA
G2389	agaI
G2390	ispF
G2391	paaY
G2392	fimC
G2393	paaA
G2394	csiD
G2395	hflB
G2396	selA
G2397	decoy142
G2398	yjiX
G2399	ynbE
G2400	yedI
G2401	usg
G2402	atpE
G2403	pheL
G2404	cydB
G2405	yehQ
G2406	murG
G2407	frwC
G2408	yjiH
G2409	grxB
G2410	yidI
G2411	yfdS
G2412	glk
G2413	ypdA
G2414	rhaM
G2415	yifB
G2416	yrbE
G2417	radA
G2418	tatA
G2419	bcsB
G2420	rppH
G2421	recD
G2422	cspG
G2423	malP
G2424	gcvP
G2425	yqgC
G2426	lolB
G2427	ycjF
G2428	yfaP
G2429	decoy171
G2430	ykfA
G2431	yfbB
G2432	yiiU
G2433	yheU
G2434	yejK
G2435	ynaJ
G2436	cydD
G2437	bcsE
G2438	nfrA
G2439	ycgG
G2440	hyaD
G2441	sdaB
G2442	cyaY
G2443	ispH
G2444	ykgE
G2445	argB
G2446	ptsH
G2447	narU
G2448	uidC
G2449	ycgN
G2450	flgJ
G2451	mdh
G2452	rfbC
G2453	glcG
G2454	yjfC
G2455	hscC
G2456	yfjW
G2457	yagE
G2458	artI
G2459	rnlA
G2460	yjjK
G2461	decoy202
G2462	yjbR
G2463	pdxJ
G2464	yrhB
G2465	yegU
G2466	ygdH
G2467	decoy158
G2468	thrA
G2469	uvrA
G2470	ilvG
G2471	yghB
G2472	spoT
G2473	yaiL
G2474	hypB
G2475	acpH
G2476	tig
G2477	ileS
G2478	yffB
G2479	glpQ
G2480	mdtM
G2481	ynbA
G2482	ybaY
G2483	ycgK
G2484	ssnA
G2485	rpsN
G2486	yfeZ
G2487	sbmC
G2488	micA
G2489	cyaA
G2490	queF
G2491	coaD
G2492	rpiB
G2493	yejO
G2494	fepD
G2495	lipB
G2496	ycjP
G2497	thiP
G2498	eutM
G2499	decoy176
G2500	ulaC
G2501	ftsP
G2502	allB
G2503	ycjV
G2504	ydiK
G2505	guaB
G2506	yecE
G2507	yncA
G2508	rimJ
G2509	udk
G2510	yejE
G2511	yecC
G2512	yejF
G2513	thiM
G2514	ybaT
G2515	malG
G2516	nuoB
G2517	yfgH
G2518	ybbJ
G2519	slyX
G2520	yohJ
G2521	lplA
G2522	argE
G2523	glnD
G2524	ygcF
G2525	flgA
G2526	pgpB
G2527	nuoE
G2528	gloA
G2529	yibI
G2530	decoy104
G2531	yjhG
G2532	emrA
G2533	asnB
G2534	yjcO
G2535	asnA
G2536	sdaA
G2537	ppiC
G2538	yeaD
G2539	cutC
G2540	cobC
G2541	ygcE
G2542	mngB
G2543	thrW
G2544	folD
G2545	decoy62
G2546	ybdB
G2547	xthA
G2548	rssB
G2549	ydiL
G2550	decoy192
G2551	yhaV
G2552	endA
G2553	zwf
G2554	ybhP
G2555	yibG
G2556	yieK
G2557	blc
G2558	pyrB
G2559	fimH
G2560	yfbS
G2561	decoy65
G2562	hyaE
G2563	ptsP
G2564	dnaJ
G2565	yneF
G2566	uxuA
G2567	murD
G2568	ylcI
G2569	yqgD
G2570	yqaB
G2571	yfbQ
G2572	spf
G2573	rluC
G2574	ulaB
G2575	cysI
G2576	surA
G2577	hinT
G2578	ylbA
G2579	pyrH
G2580	ybiA
G2581	mglA
G2582	ytfN
G2583	xisE
G2584	decoy32
G2585	yniA
G2586	orn
G2587	bamA
G2588	pabC
G2589	aspC
G2590	yihU
G2591	rpmH
G2592	araG
G2593	agaA
G2594	rluE
G2595	adiA
G2596	yhhW
G2597	tqsA
G2598	ybjM
G2599	yehX
G2600	ninE
G2601	ygeX
G2602	hyaB
G2603	ffs
G2604	entE
G2605	nrdB
G2606	ylbE
G2607	amyA
G2608	decoy88
G2609	yhaL
G2610	fumB
G2611	bfr
G2612	decoy108
G2613	trpL
G2614	dbpA
G2615	araD
G2616	ybjN
G2617	mcbA
G2618	ycaI
G2619	cvpA
G2620	mpl
G2621	phnN
G2622	yjbJ
G2623	racC
G2624	yjdI
G2625	yoaA
G2626	nikE
G2627	rnhA
G2628	mfd
G2629	lacY
G2630	yjhF
G2631	yeaK
G2632	hslR
G2633	yiiQ
G2634	ybcH
G2635	yhcC
G2636	mtgA
G2637	nuoI
G2638	yhbW
G2639	yedZ
G2640	hofM
G2641	envZ
G2642	cvrA
G2643	glyS
G2644	guaC
G2645	proW
G2646	helD
G2647	agp
G2648	prmB
G2649	mdtI
G2650	creD
G2651	yjjI
G2652	yihI
G2653	kdsD
G2654	kup
G2655	evgS
G2656	decoy140
G2657	cusF
G2658	hisG
G2659	ydeA
G2660	ivbL
G2661	yjdK
G2662	fre
G2663	ybjT
G2664	ygfU
G2665	bioA
G2666	focA
G2667	yjfL
G2668	mdtF
G2669	cnu
G2670	ynjD
G2671	mcrB
G2672	yfbT
G2673	ydeI
G2674	yceO
G2675	rseP
G2676	yfhK
G2677	cheY
G2678	metC
G2679	insD
G2680	cpxP
G2681	yciU
G2682	topA
G2683	yniC
G2684	fabI
G2685	yeiB
G2686	yegJ
G2687	cpsB
G2688	gltP
G2689	sra
G2690	ymdB
G2691	dcp
G2692	wzxE
G2693	decoy134
G2694	yhcM
G2695	yzgL
G2696	djlA
G2697	yiiF
G2698	hpf
G2699	folA
G2700	ydbD
G2701	dppC
G2702	yphE
G2703	yfhL
G2704	yfiL
G2705	artQ
G2706	der
G2707	nuoJ
G2708	prpD
G2709	gadC
G2710	yfjH
G2711	pnuC
G2712	ydjX
G2713	degQ
G2714	yeaW
G2715	mltB
G2716	galU
G2717	ygdD
G2718	yidQ
G2719	sapC
G2720	hyfI
G2721	hisH
G2722	decoy139
G2723	flgG
G2724	lsrA
G2725	yjcB
G2726	ompT
G2727	djlB
G2728	fucO
G2729	yccU
G2730	modC
G2731	ftsE
G2732	gltX
G2733	nagK
G2734	yodB
G2735	yjjB
G2736	ispA
G2737	marB
G2738	yoeG
G2739	ydeK
G2740	pfkB
G2741	yhjA
G2742	bcsA
G2743	yfcF
G2744	cheW
G2745	gspK
G2746	fadB
G2747	argT
G2748	yjbS
G2749	yehD
G2750	proY
G2751	pyrD
G2752	sodC
G2753	yeeZ
G2754	frdB
G2755	insX
G2756	ybjG
G2757	intQ
G2758	napH
G2759	ymfK
G2760	motA
G2761	ilvD
G2762	ydfD
G2763	cyoA
G2764	ykgL
G2765	tyrU
G2766	decoy141
G2767	yedX
G2768	inaA
G2769	yaaY
G2770	ybfF
G2771	pdxB
G2772	uspD
G2773	glpA
G2774	thiD
G2775	gntT
G2776	decoy209
G2777	exbB
G2778	yqeC
G2779	puuD
G2780	mmuP
G2781	narX
G2782	pspE
G2783	yciF
G2784	paaE
G2785	decoy170
G2786	fixC
G2787	dhaM
G2788	bcsZ
G2789	srlB
G2790	ychS
G2791	insA
G2792	yohC
G2793	nadE
G2794	hemL
G2795	psiE
G2796	rutG
G2797	lpxA
G2798	rpsR
G2799	nfuA
G2800	nupG
G2801	yffM
G2802	cueO
G2803	pldB
G2804	csrC
G2805	nanM
G2806	ydhX
G2807	decoy55
G2808	flgB
G2809	degP
G2810	sfmH
G2811	rpe
G2812	yhbP
G2813	yfcM
G2814	ybjH
G2815	phnK
G2816	ydiQ
G2817	csdE
G2818	oppA
G2819	trxA
G2820	ygiC
G2821	mdtE
G2822	rbsA
G2823	yhfW
G2824	imp
G2825	ydhY
G2826	thiL
G2827	fryA
G2828	yhbC
G2829	serB
G2830	pptA
G2831	ygfB
G2832	fdnH
G2833	yidE
G2834	fbaA
G2835	mukF
G2836	ydiB
G2837	yecR
G2838	yjiN
G2839	decoy72
G2840	pqiA
G2841	proB
G2842	yqiI
G2843	glvG
G2844	truB
G2845	leuC
G2846	recQ
G2847	ydhQ
G2848	ydeN
G2849	waaA
G2850	galF
G2851	yafX
G2852	yacF
G2853	yqhA
G2854	caiD
G2855	nrdG
G2856	yhhN
G2857	pdxY
G2858	decoy174
G2859	aroH
G2860	kdpF
G2861	hisL
G2862	valS
G2863	yjeH
G2864	hslO
G2865	marC
G2866	uspB
G2867	gspJ
G2868	rtcA
G2869	cdh
G2870	nagZ
G2871	fliT
G2872	yhjV
G2873	ypfH
G2874	mdoD
G2875	nudI
G2876	ykfM
G2877	glyT
G2878	yahO
G2879	bssR
G2880	ydcF
G2881	ybhM
G2882	ydeR
G2883	yggF
G2884	sulA
G2885	decoy43
G2886	hycI
G2887	caiA
G2888	yhcD
G2889	ybbO
G2890	pcnB
G2891	mnmC
G2892	yeeV
G2893	kbl
G2894	allA
G2895	deoC
G2896	eda
G2897	dadX
G2898	ydhF
G2899	yohD
G2900	yhaC
G2901	ypdE
G2902	dut
G2903	lpxL
G2904	rpsJ
G2905	hisA
G2906	ubiF
G2907	yeiW
G2908	creA
G2909	ligB
G2910	mrcA
G2911	rcsD
G2912	ygcL
G2913	idnT
G2914	gfcE
G2915	lepB
G2916	nanC
G2917	yhjG
G2918	yqfB
G2919	blr
G2920	yhcN
G2921	fldB
G2922	citE
G2923	rpmJ
G2924	fliY
G2925	wcaL
G2926	aldB
G2927	yajC
G2928	ygaZ
G2929	hdeA
G2930	ymdA
G2931	decoy167
G2932	rrsG
G2933	ycaQ
G2934	rnhB
G2935	sgcA
G2936	metN
G2937	yfcO
G2938	dapA
G2939	yebR
G2940	yjbH
G2941	ydgD
G2942	ykgH
G2943	leuZ
G2944	ygcG
G2945	rssA
G2946	yhgN
G2947	yjaH
G2948	ykgI
G2949	yhhH
G2950	decoy61
G2951	yjeO
G2952	ybjQ
G2953	ybhC
G2954	yeeH
G2955	rpsC
G2956	ydiZ
G2957	artJ
G2958	ygeR
G2959	amiC
G2960	ydhL
G2961	araF
G2962	wcaC
G2963	yeiI
G2964	cdd
G2965	hypA
G2966	glpK
G2967	rlmG
G2968	hycA
G2969	ybdH
G2970	narQ
G2971	astD
G2972	btuF
G2973	ygaH
G2974	feoB
G2975	secG
G2976	ydiA
G2977	prmA
G2978	yncI
G2979	rimN
G2980	slt
G2981	ybgT
G2982	atpG
G2983	entB
G2984	ryhB
G2985	yjbM
G2986	rlmN
G2987	ybeY
G2988	yafD
G2989	lldD
G2990	iscS
G2991	araB
G2992	mdtO
G2993	tgt
G2994	nadD
G2995	yiaK
G2996	talA
G2997	ymgI
G2998	yacH
G2999	yhbS
G3000	pykA
G3001	trmJ
G3002	yqjF
G3003	ytfT
G3004	dcuD
G3005	yebS
G3006	ybaM
G3007	yphF
G3008	setA
G3009	yciA
G3010	dnaT
G3011	fadE
G3012	ccmE
G3013	decoy101
G3014	yhjY
G3015	sroB
G3016	ygjK
G3017	yeaP
G3018	yafE
G3019	ygaD
G3020	mukE
G3021	hcr
G3022	fliK
G3023	rffE
G3024	tldD
G3025	fusA
G3026	ygeI
G3027	yedF
G3028	rsxB
G3029	katG
G3030	yncE
G3031	malM
G3032	cbpA
G3033	yceJ
G3034	yahM
G3035	yffN
G3036	fadL
G3037	ybiI
G3038	fdhE
G3039	yaiI
G3040	rpmD
G3041	dgoD
G3042	mqo
G3043	decoy201
G3044	tdcC
G3045	istR
G3046	ryfD
G3047	ccmC
G3048	argW
G3049	rusA
G3050	ribD
G3051	gfcB
G3052	psuK
G3053	cpdA
G3054	ybaS
G3055	yciH
G3056	rspA
G3057	aer
G3058	fliO
G3059	ynfB
G3060	ymfS
G3061	rrmA
G3062	decoy36
G3063	infC
G3064	yegE
G3065	ybeU
G3066	ybeQ
G3067	gspF
G3068	hcaD
G3069	yagB
G3070	ydhK
G3071	ydaV
G3072	yjbQ
G3073	napA
G3074	prfA
G3075	bcsC
G3076	glgP
G3077	ppdA
G3078	decoy52
G3079	trmH
G3080	pykF
G3081	yciB
G3082	pheM
G3083	etk
G3084	decoy125
G3085	ydgA
G3086	citX
G3087	arnC
G3088	fdx
G3089	yaiE
G3090	ygeY
G3091	dusA
G3092	chaC
G3093	yeiH
G3094	azoR
G3095	znuB
G3096	degS
G3097	psd
G3098	yccM
G3099	fadI
G3100	yfaS
G3101	acrE
G3102	yggL
G3103	yehA
G3104	yeiQ
G3105	ychO
G3106	rhsB
G3107	rrlA
G3108	paaB
G3109	ligT
G3110	ymdF
G3111	gntX
G3112	frlB
G3113	ycgY
G3114	thiH
G3115	mutH
G3116	yqfA
G3117	yaaI
G3118	ybeL
G3119	ydbL
G3120	yedA
G3121	panF
G3122	yfcI
G3123	yceF
G3124	yaiP
G3125	yjhB
G3126	ydcD
G3127	yiaM
G3128	ybhH
G3129	nuoC
G3130	yieE
G3131	yibA
G3132	yehS
G3133	ymfJ
G3134	yigL
G3135	yniB
G3136	potA
G3137	clpX
G3138	mutS
G3139	pdxH
G3140	glyU
G3141	decoy148
G3142	ssuE
G3143	rplT
G3144	livK
G3145	pbpG
G3146	decoy132
G3147	yjjU
G3148	frvX
G3149	yeaN
G3150	ygdI
G3151	sxy
G3152	gph
G3153	hha
G3154	ydaM
G3155	mhpD
G3156	rhaA
G3157	xdhD
G3158	cysJ
G3159	yafL
G3160	csgC
G3161	fliR
G3162	hdeB
G3163	ygjR
G3164	yfcV
G3165	yjgB
G3166	yffP
G3167	ydcS
G3168	kdsB
G3169	yrdA
G3170	rspB
G3171	ydhR
G3172	ebgA
G3173	ybeR
G3174	yodA
G3175	tyrA
G3176	cynS
G3177	decoy84
G3178	slyD
G3179	potE
G3180	trmA
G3181	yhhL
G3182	yfjQ
G3183	decoy92
G3184	paaD
G3185	fecC
G3186	decoy109
G3187	yihQ
G3188	nlpA
G3189	ugpB
G3190	ybcO
G3191	recT
G3192	puuA
G3193	plsX
G3194	recB
G3195	fadJ
G3196	gsiD
G3197	potD
G3198	ygbF
G3199	rprA
G3200	aceA
G3201	tar
G3202	ydfE
G3203	ycgH
G3204	dicF
G3205	glpC
G3206	yobA
G3207	uspE
G3208	yghW
G3209	treA
G3210	tehB
G3211	yfjX
G3212	decoy129
G3213	yjfY
G3214	ydeS
G3215	rpoZ
G3216	yhjJ
G3217	yfjJ
G3218	cysQ
G3219	aroB
G3220	yiaY
G3221	nirC
G3222	yjeN
G3223	yliE
G3224	ynaI
G3225	ppk
G3226	aroE
G3227	rzpD
G3228	ydcL
G3229	glnE
G3230	ftsI
G3231	yjaZ
G3232	ryfC
G3233	manX
G3234	rdlA
G3235	yqhD
G3236	yajI
G3237	insK
G3238	ydaT
G3239	ibpB
G3240	ybeZ
G3241	ypeB
G3242	hemN
G3243	kptA
G3244	clpS
G3245	trxC
G3246	yoaD
G3247	rfaP
G3248	kdpB
G3249	ykfI
G3250	ycfL
G3251	ypfG
G3252	flgH
G3253	tyrB
G3254	tam
G3255	ypjJ
G3256	nrfF
G3257	tpiA
G3258	oppB
G3259	decoy78
G3260	alkA
G3261	yagL
G3262	ompC
G3263	hybB
G3264	yaeI
G3265	yecM
G3266	torC
G3267	yaaH
G3268	pyrG
G3269	decoy153
G3270	yrbK
G3271	yccB
G3272	lpxK
G3273	yfeY
G3274	hchA
G3275	potI
G3276	ydiT
G3277	ispG
G3278	sgrS
G3279	yedJ
G3280	ispU
G3281	ydfO
G3282	deoD
G3283	gidB
G3284	csrA
G3285	purU
G3286	decoy66
G3287	ddpC
G3288	ybaZ
G3289	yfcE
G3290	yhbV
G3291	yqjC
G3292	ypjF
G3293	yliJ
G3294	yhjE
G3295	hofC
G3296	crr
G3297	yheS
G3298	ygaW
G3299	aroD
G3300	rfc
G3301	yfcS
G3302	pck
G3303	gyrB
G3304	ydcH
G3305	murP
G3306	syd
G3307	ulaA
G3308	ykfN
G3309	rplD
G3310	proL
G3311	yegZ
G3312	ybaW
G3313	yaiZ
G3314	decoy162
G3315	oppD
G3316	rbsK
G3317	agaV
G3318	yhhA
G3319	ygfY
G3320	ampD
G3321	dmsB
G3322	potC
G3323	rbsD
G3324	hslU
G3325	csgB
G3326	ansB
G3327	mdoG
G3328	yjhY
G3329	sufA
G3330	nrfA
G3331	folE
G3332	trpS
G3333	fhuF
G3334	flk
G3335	yheN
G3336	prpC
G3337	yigB
G3338	decoy136
G3339	fadD
G3340	pal
G3341	hybC
G3342	upp
G3343	ygcK
G3344	ptrA
G3345	csgA
G3346	ydcK
G3347	hofQ
G3348	lpxH
G3349	yqhH
G3350	pepN
G3351	sthA
G3352	bisC
G3353	yafK
G3354	aroC
G3355	ynhF
G3356	galT
G3357	ytjC
G3358	yfcP
G3359	topB
G3360	napF
G3361	ygfX
G3362	decoy49
G3363	cynT
G3364	ycfZ
G3365	nrfB
G3366	psiF
G3367	glpB
G3368	uspC
G3369	hypD
G3370	yliG
G3371	fimA
G3372	kdgK
G3373	ssb
G3374	actP
G3375	ycjY
G3376	yfdC
G3377	ygaU
G3378	yfiB
G3379	acpT
G3380	fdnG
G3381	hisS
G3382	potF
G3383	srlA
G3384	ytjB
G3385	flgK
G3386	glpE
G3387	dhaK
G3388	yfhR
G3389	gspE
G3390	decoy38
G3391	ycjO
G3392	holB
G3393	ybgC
G3394	sapD
G3395	yfcU
G3396	yeaO
G3397	ymgE
G3398	yciE
G3399	sufD
G3400	lon
G3401	frmB
G3402	decoy124
G3403	ves
G3404	kilR
G3405	ygjI
G3406	gltA
G3407	yadB
G3408	ypfN
G3409	asnS
G3410	yeeT
G3411	yfeT
G3412	ybdN
G3413	yqaA
G3414	purB
G3415	lsrG
G3416	phnP
G3417	decoy138
G3418	pinE
G3419	pgk
G3420	rpmA
G3421	yfcZ
G3422	eptA
G3423	hokD
G3424	yqiA
G3425	hcaE
G3426	ygeO
G3427	xapB
G3428	yagX
G3429	ycdT
G3430	ybfL
G3431	gabP
G3432	narH
G3433	yhfA
G3434	yobD
G3435	fliJ
G3436	rpsM
G3437	ascB
G3438	rybB
G3439	miaB
G3440	ysgA
G3441	hofB
G3442	glpF
G3443	yejB
G3444	yneG
G3445	yidG
G3446	decoy111
G3447	moeB
G3448	modF
G3449	mglC
G3450	yebZ
G3451	yobH
G3452	ftsN
G3453	afuC
G3454	bhsA
G3455	ydgI
G3456	tdk
G3457	galM
G3458	fsr
G3459	aceE
G3460	deoB
G3461	ycbZ
G3462	artM
G3463	yneM
G3464	pflC
G3465	ykfH
G3466	aceF
G3467	dkgB
G3468	flxA
G3469	yfjV
G3470	chbC
G3471	hyaC
G3472	fliH
G3473	rrsH
G3474	ldrD
G3475	gabT
G3476	lpxB
G3477	ucpA
G3478	ybhT
G3479	ecpD
G3480	yfdV
G3481	kch
G3482	ybjP
G3483	paaH
G3484	aroA
G3485	folX
G3486	uxaA
G3487	fdoG
G3488	dppD
G3489	serT
G3490	ygcO
G3491	fdoI
G3492	dcyD
G3493	decoy80
G3494	cbpM
G3495	minD
G3496	hfq
G3497	codA
G3498	flu
G3499	glgX
G3500	yjjN
G3501	yehB
G3502	ltaE
G3503	gst
G3504	insB
G3505	yjgX
G3506	hydN
G3507	msyB
G3508	ycbL
G3509	yibD
G3510	yqiC
G3511	yjiY
G3512	yddH
G3513	ryeB
G3514	greB
G3515	yjiG
G3516	yaeJ
G3517	rnpA
G3518	essQ
G3519	udp
G3520	ybhF
G3521	ybcJ
G3522	lacZ
G3523	glxK
G3524	ypjC
G3525	ynfO
G3526	cysZ
G3527	rluA
G3528	hypE
G3529	gcvH
G3530	ynfG
G3531	dinJ
G3532	yfgA
G3533	yfdT
G3534	lysC
G3535	dnaX
G3536	yidK
G3537	nrfG
G3538	panD
G3539	yjdM
G3540	sapA
G3541	yfdE
G3542	decoy41
G3543	nfsA
G3544	rhaD
G3545	qseC
G3546	xylB
G3547	yjjV
G3548	pncA
G3549	rluF
G3550	omrB
G3551	fryB
G3552	panB
G3553	rmf
G3554	pstC
G3555	valW
G3556	ybdM
G3557	sseB
G3558	recJ
G3559	sieB
G3560	yjhS
G3561	frdD
G3562	sdhD
G3563	ydcP
G3564	yihP
G3565	atpB
G3566	yceD
G3567	decoy196
G3568	paaF
G3569	rsmE
G3570	ycbB
G3571	accC
G3572	yjjA
G3573	ycgI
G3574	tesB
G3575	yaeF
G3576	yiaT
G3577	torI
G3578	cca
G3579	yjbG
G3580	ypdI
G3581	yaaX
G3582	acrF
G3583	ybaN
G3584	pnp
G3585	yagJ
G3586	nikA
G3587	decoy180
G3588	yehU
G3589	mltC
G3590	rhtB
G3591	holE
G3592	ydfZ
G3593	glnS
G3594	murA
G3595	ssuD
G3596	metL
G3597	hybA
G3598	betB
G3599	ybhR
G3600	decoy186
G3601	yacC
G3602	yafT
G3603	ldcC
G3604	yicH
G3605	hybD
G3606	folB
G3607	yccA
G3608	ydhU
G3609	torD
G3610	napC
G3611	yqeI
G3612	decoy33
G3613	hokB
G3614	rluD
G3615	yehK
G3616	narW
G3617	nrdF
G3618	thyA
G3619	rbsB
G3620	yhjQ
G3621	cysH
G3622	leuA
G3623	yihY
G3624	erfK
G3625	dapD
G3626	yfjI
G3627	yfbO
G3628	arsB
G3629	ccmB
G3630	yhjH
G3631	rpsI
G3632	ydcX
G3633	micC
G3634	trmI
G3635	ydhO
G3636	ykgC
G3637	ydaQ
G3638	ogt
G3639	decoy46
G3640	amiA
G3641	sdaC
G3642	phnC
G3643	csiE
G3644	ybeD
G3645	ygbM
G3646	gspB
G3647	cheA
G3648	ryeD
G3649	yjtD
G3650	maoC
G3651	asd
G3652	selC
G3653	yhcB
G3654	xseB
G3655	rof
G3656	caiC
G3657	rplX
G3658	phnO
G3659	xylA
G3660	ydeT
G3661	xerD
G3662	ilvM
G3663	ybaB
G3664	rnc
G3665	yliL
G3666	yhdJ
G3667	yahL
G3668	borD
G3669	frvA
G3670	rfaY
G3671	ychE
G3672	ansP
G3673	priC
G3674	iscX
G3675	fliF
G3676	ftnA
G3677	rplU
G3678	yfdX
G3679	fliP
G3680	ddpB
G3681	lsrK
G3682	argX
G3683	ynjI
G3684	typA
G3685	mokB
G3686	rnb
G3687	ydiO
G3688	ftsZ
G3689	rhlE
G3690	ppa
G3691	ompX
G3692	yddW
G3693	hemB
G3694	pbl
G3695	kdpA
G3696	ycdY
G3697	decoy106
G3698	yebW
G3699	lptA
G3700	yqjA
G3701	sirA
G3702	fhuB
G3703	alkB
G3704	lfhA
G3705	yibH
G3706	yhdX
G3707	decoy107
G3708	ccmG
G3709	cobT
G3710	yceQ
G3711	fdrA
G3712	ybeX
G3713	php
G3714	rumB
G3715	fabD
G3716	yigP
G3717	yegK
G3718	hpt
G3719	ybjE
G3720	ribE
G3721	ubiB
G3722	gspH
G3723	yghX
G3724	tolA
G3725	fecE
G3726	hofO
G3727	hypC
G3728	pgl
G3729	atoE
G3730	gntK
G3731	fdnI
G3732	yceK
G3733	yfdR
G3734	wzzE
G3735	cbrB
G3736	ymfE
G3737	tfaE
G3738	dapB
G3739	napG
G3740	yhhK
G3741	yfiF
G3742	galK
G3743	decoy166
G3744	elaD
G3745	yibL
G3746	yqiH
G3747	rpoC
G3748	galP
G3749	lomR
G3750	tesA
G3751	glpD
G3752	yhiS
G3753	yggI
G3754	osmY
G3755	carB
G3756	bioD
G3757	matB
G3758	yfdK
G3759	decoy73
G3760	ysaC
G3761	ydfR
G3762	yhgF
G3763	yfbL
G3764	psrN
G3765	ycaC
G3766	manZ
G3767	decoy131
G3768	nanK
G3769	yoaG
G3770	ycbS
G3771	rihA
G3772	ftsW
G3773	torT
G3774	yhaB
G3775	chpR
G3776	yjjX
G3777	yiiM
G3778	serU
G3779	ycaK
G3780	ydhZ
G3781	ynjB
G3782	phnG
G3783	yedV
G3784	frvB
G3785	narI
G3786	menB
G3787	yfhB
G3788	ypaA
G3789	decoy172
G3790	ygcS
G3791	yeiP
G3792	astE
G3793	decoy137
G3794	yddK
G3795	ytfG
G3796	yaiS
G3797	ycbW
G3798	moaE
G3799	yrhD
G3800	umuD
G3801	ybcK
G3802	yrbF
G3803	yqcA
G3804	rpsH
G3805	fadH
G3806	leuB
G3807	holA
G3808	ybhI
G3809	yfbN
G3810	sucD
G3811	yjhR
G3812	glcA
G3813	gltD
G3814	appB
G3815	bax
G3816	aat
G3817	hemA
G3818	tolC
G3819	yceI
G3820	yegD
G3821	eutK
G3822	htrE
G3823	hrpB
G3824	ynhG
G3825	fimI
G3826	yfjG
G3827	hisR
G3828	lamB
G3829	thiG
G3830	rplC
G3831	nuoF
G3832	dacB
G3833	decoy165
G3834	trkA
G3835	phoH
G3836	envC
G3837	rfaF
G3838	rtn
G3839	nmpC
G3840	paaG
G3841	ybfA
G3842	ydfA
G3843	fliG
G3844	apaG
G3845	tolQ
G3846	yjfP
G3847	decoy157
G3848	ygiT
G3849	ycbK
G3850	aegA
G3851	creC
G3852	ybiR
G3853	spr
G3854	mug
G3855	ybgP
G3856	ydcJ
G3857	cobB
G3858	yciS
G3859	pheP
G3860	trmD
G3861	nuoA
G3862	cspD
G3863	yccK
G3864	yeiR
G3865	dgoT
G3866	yibU
G3867	yccJ
G3868	holD
G3869	atpH
G3870	xylH
G3871	ompA
G3872	ynbD
G3873	ydjN
G3874	decoy149
G3875	gsiB
G3876	sgcQ
G3877	yddL
G3878	ymfA
G3879	glpT
G3880	osmF
G3881	ydfB
G3882	yeeA
G3883	yjfM
G3884	hrpA
G3885	exuT
G3886	yfeN
G3887	yciN
G3888	ymfO
G3889	priB
G3890	ribB
G3891	trg
G3892	uraA
G3893	allD
G3894	purK
G3895	ycbR
G3896	nagE
G3897	yhfU
G3898	gsiA
G3899	ugd
G3900	yibV
G3901	plsC
G3902	dtd
G3903	ynjE
G3904	dksA
G3905	yoaE
G3906	acnA
G3907	scpB
G3908	nfi
G3909	smpB
G3910	hflC
G3911	ybjC
G3912	hsrA
G3913	yaeH
G3914	ydiH
G3915	yagG
G3916	ybgL
G3917	ushA
G3918	yggG
G3919	nagD
G3920	rcsC
G3921	zapA
G3922	dsrA
G3923	setC
G3924	etp
G3925	decoy69
G3926	yiiR
G3927	aroF
G3928	proA
G3929	ileX
G3930	ycgF
G3931	rhsD
G3932	ygaY
G3933	yneE
G3934	eutD
G3935	sohB
G3936	yeiG
G3937	ttcA
G3938	hycH
G3939	lpxM
G3940	pstB
G3941	rpmI
G3942	clcA
G3943	kefF
G3944	ydeQ
G3945	ychJ
G3946	yghD
G3947	fklB
G3948	ivy
G3949	ackA
G3950	rng
G3951	aceK
G3952	prmC
G3953	galE
G3954	astC
G3955	tbpA
G3956	gor
G3957	tap
G3958	mnmE
G3959	basS
G3960	sad
G3961	mgrB
G3962	hisD
G3963	mrcB
G3964	yggD
G3965	tsgA
G3966	sufE
G3967	arpB
G3968	yedS
G3969	ttdT
G3970	tfaX
G3971	pspA
G3972	ydeH
G3973	cysD
G3974	decoy58
G3975	potB
G3976	tomB
G3977	rsuA
G3978	murF
G3979	sapF
G3980	lafU
G3981	rimM
G3982	feaB
G3983	yeaR
G3984	decoy177
G3985	lspA
G3986	yeiA
G3987	ycjR
G3988	ygdQ
G3989	gspD
G3990	nrdA
G3991	arnF
G3992	hcaB
G3993	adrA
G3994	gcd
G3995	rsxE
G3996	yadL
G3997	ybhS
G3998	emrB
G3999	thiK
G4000	tatE
G4001	yqfE
G4002	yrfF
G4003	dmsC
G4004	sgbE
G4005	fhuC
G4006	ydaN
G4007	rfaQ
G4008	ymfD
G4009	gpmM
G4010	decoy144
G4011	ispD
G4012	nadC
G4013	decoy64
G4014	gudP
G4015	decoy103
G4016	ugpE
G4017	yicS
G4018	rsxC
G4019	ilvI
G4020	sdhB
G4021	insM
G4022	ygdE
G4023	argK
G4024	ispE
G4025	ycfM
G4026	recR
G4027	recA
G4028	ygeQ
G4029	leuP
G4030	mdtN
G4031	hyfJ
G4032	caiB
G4033	murB
G4034	valV
G4035	narK
G4036	ryfB
G4037	yihG
G4038	yfjY
G4039	ryjA
G4040	purC
G4041	tauC
G4042	lolC
G4043	ycjS
G4044	decoy184
G4045	yegL
G4046	acpS
G4047	treC
G4048	rplY
G4049	mobB
G4050	yjeS
G4051	yigM
G4052	yfaV
G4053	apaH
G4054	ypfI
G4055	gshA
G4056	yebG
G4057	hycF
G4058	frdC
G4059	rffC
G4060	yjbI
G4061	pphB
G4062	hemD
G4063	narG
G4064	ybdR
G4065	argU
G4066	serS
G4067	hspQ
G4068	uspG
G4069	bioC
G4070	hcaT
G4071	fimD
G4072	pstA
G4073	yncD
G4074	cirA
G4075	yifL
G4076	hemH
G4077	trxB
G4078	yncN
G4079	ybfN
G4080	lipA
G4081	yffL
G4082	tisB
G4083	dppA
G4084	ypeC
G4085	decoy118
G4086	aroP
G4087	ydaY
G4088	rpmF
G4089	yjeF
G4090	dicC
G4091	ydcV
G4092	dedA
G4093	yhbX
G4094	yfiC
G4095	accD
G4096	ubiX
G4097	yebQ
G4098	glnL
G4099	intB
G4100	lsrD
G4101	mhpC
G4102	miaA
G4103	yfdH
G4104	yjbT
G4105	yfeH
G4106	ilvA
G4107	argO
G4108	hyfE
G4109	fliI
G4110	mscL
G4111	ssuC
G4112	rpsK
G4113	proP
G4114	ydjJ
G4115	prlC
G4116	lpxD
G4117	livM
G4118	yqeA
G4119	fliM
G4120	ysaA
G4121	decoy57
G4122	ycbT
G4123	bioB
G4124	yhhS
G4125	nirB
G4126	ybfG
G4127	zraP
G4128	yccS
G4129	yfhG
G4130	yhiI
G4131	decoy198
G4132	fbp
G4133	ynfK
G4134	treB
G4135	decoy191
G4136	yggE
G4137	yfeW
G4138	torS
G4139	ycfK
G4140	yjiT
G4141	uhpC
G4142	nth
G4143	pyrC
G4144	yjfI
G4145	nagB
G4146	glnA
G4147	fruA
G4148	secD
G4149	malY
G4150	fruB
G4151	yiaL
G4152	htpX
G4153	yjgN
G4154	yihA
G4155	decoy130
G4156	yjiS
G4157	tdcG
G4158	yaaU
G4159	yfjP
G4160	wbbI
G4161	yaeB
G4162	ycfJ
G4163	bcp
G4164	yidB
G4165	rplA
G4166	nrdD
G4167	ynfF
G4168	malQ
G4169	pepP
G4170	fhuE
G4171	ykfK
G4172	ribF
G4173	mglB
G4174	prpE
G4175	fliC
G4176	atpF
G4177	lar
G4178	yqeF
G4179	yahF
G4180	kdpC
G4181	decoy83
G4182	pheA
G4183	lysS
G4184	yajR
G4185	efeB
G4186	ybdZ
G4187	sanA
G4188	rem
G4189	mipA
G4190	rpsD
G4191	mngA
G4192	ymjC
G4193	yfjM
G4194	flgL
G4195	dcrB
G4196	adhE
G4197	sugE
G4198	rumA
G4199	bglX
G4200	rplL
G4201	yfcG
G4202	mraZ
G4203	yjdO
G4204	yciI
G4205	nlpD
G4206	iscU
G4207	ade
G4208	sbcB
G4209	yrbL
G4210	ytfF
G4211	dicB
G4212	gapA
G4213	gcvB
G4214	kdsC
G4215	ybgA
G4216	yehW
G4217	ydbK
G4218	yjgQ
G4219	pheS
G4220	gltF
G4221	decoy60
G4222	citG
G4223	bamD
G4224	ygiW
G4225	ymgG
G4226	yoeF
G4227	decoy67
G4228	ykgF
G4229	mtr
G4230	xdhC
G4231	ycjM
G4232	plsB
G4233	yjfK
G4234	parE
G4235	nupC
G4236	ybcL
G4237	cpdB
G4238	ppiB
G4239	yihT
G4240	yjdJ
G4241	dapF
G4242	ygiQ
G4243	acnB
G4244	mdtC
G4245	nrfE
G4246	aroG
G4247	ygjP
G4248	rcsF
G4249	yrbB
G4250	pgpA
G4251	nikD
G4252	purM
G4253	yidH
G4254	srmB
G4255	dppB
G4256	decoy42
G4257	ydaS
G4258	decoy40
G4259	yjcD
G4260	ydfG
G4261	decoy121
G4262	yobB
G4263	psuG
G4264	yhfL
G4265	ribA
G4266	yahA
G4267	yjbL
G4268	wcaD
G4269	yqjD
G4270	nanT
G4271	gadB
G4272	rpmC
G4273	glvC
G4274	ygeW
G4275	ulaG
G4276	cusB
G4277	puuC
G4278	yheT
G4279	nrdI
G4280	decoy146
G4281	ycgL
G4282	ychH
G4283	rutE
G4284	yfcH
G4285	rfaE
G4286	fucK
G4287	lptB
G4288	ythA
G4289	ykgQ
G4290	perR
G4291	yebA
G4292	yghJ
G4293	arsC
G4294	yicI
G4295	dnaE
G4296	cyoD
G4297	decoy70
G4298	yfeO
G4299	thiS
G4300	guaA
G4301	pitA
G4302	cysS
G4303	sucA
G4304	folK
G4305	gntU
G4306	tsr
G4307	decoy44
G4308	decoy193
G4309	eptB
G4310	decoy91
G4311	gmhB
G4312	dctR
G4313	ycaP
G4314	gnd
G4315	ycjQ
G4316	ycbG
G4317	nfo
G4318	mokC
G4319	rrsC
G4320	mdtH
G4321	yhfS
G4322	infB
G4323	chiA
G4324	coaA
G4325	decoy123
G4326	bglA
G4327	chbF
G4328	yfiM
G4329	fimF
G4330	caiE
G4331	yiiX
G4332	fecA
G4333	bglG
G4334	yrfG
G4335	lsrB
G4336	dcuC
G4337	glmZ
G4338	yedN
G4339	yjiD
G4340	yjdN
G4341	phnM
G4342	yeeE
G4343	bglH
G4344	nuoM
G4345	yeaC
G4346	ygdB
G4347	yghU
G4348	zipA
G4349	yjhH
G4350	ydcQ
G4351	fliL
G4352	ribC
G4353	ydaW
G4354	pgaA
G4355	decoy74
G4356	malE
G4357	gfcD
G4358	yceB
G4359	pbpC
G4360	yfaE
G4361	metY
G4362	dsdX
G4363	yraL
G4364	decoy152
G4365	sscR
G4366	yigI
G4367	entC
G4368	gldA
G4369	ravA
G4370	yfaL
G4371	yjiP
G4372	ygdL
G4373	yhbT
G4374	moaB
G4375	insN
G4376	fcl
G4377	ygbK
G4378	yghA
G4379	ypfJ
G4380	hybO
G4381	dkgA
G4382	sodB
G4383	abgT
G4384	decoy133
G4385	glgA
G4386	ybjS
G4387	ynfA
G4388	rlmL
G4389	hyaF
G4390	feoA
G4391	yciX
G4392	sfmF
G4393	ytfJ
G4394	yrdB
G4395	ssuA
G4396	rep
G4397	rutB
G4398	dxs
G4399	psuT
G4400	purD
G4401	ycbV
G4402	ecnB
G4403	yqiG
G4404	recN
G4405	hemY
G4406	yfdG
G4407	mutY
G4408	ynfM
G4409	gnsB
G4410	rhtC
G4411	ndh
G4412	ygjH
G4413	yphC
G4414	yigA
G4415	cyoC
G4416	yeaH
G4417	betA
G4418	yehH
G4419	yciY
G4420	ampC
G4421	dfp
G4422	deoA
G4423	tktA
G4424	renD
G4425	ycbF
G4426	ampH
G4427	decoy178
G4428	torY
G4429	cheR
G4430	qmcA
G4431	dinQ
G4432	ydaL
G4433	yqiK
G4434	cysC
G4435	ssrS
G4436	tilS
G4437	yfdZ
G4438	narV
G4439	yebE
G4440	ygaF
G4441	ynaA
G4442	ynjF
G4443	decoy214
G4444	yqgA
G4445	tadA
G4446	yraQ
G4447	lpd
G4448	ydjY
G4449	ycgJ
G4450	yghT
G4451	pmrD
G4452	ppc
G4453	gadY
G4454	rarD
G4455	pntB
G4456	trpE
G4457	yadI
G4458	decoy54
G4459	yagN
G4460	ugpQ
G4461	dcd
G4462	ybjD
G4463	wzxC
G4464	idnK
G4465	sseA
G4466	yeeX
G4467	atpD
G4468	yicJ
G4469	sgbH
G4470	arnE
G4471	yraR
G4472	ydfX
G4473	ffh
G4474	ydiI
G4475	wbbJ
G4476	metF
G4477	thiF
G4478	rydC
G4479	ynjA
G4480	yidC
G4481	artP
G4482	ybiW
G4483	yfcN
G4484	eutC
G4485	yfjD
G4486	lepA
G4487	nhaB
G4488	purF
G4489	ygaM
G4490	yaaJ
G4491	yifE
G4492	cysN
G4493	kefC
G4494	aslB
G4495	ydjM
G4496	wrbA
G4497	isrA
G4498	ydcZ
G4499	ychN
G4500	sixA
G4501	eamB
G4502	aas
G4503	yqeG
G4504	pta
G4505	trpD
G4506	puuE
G4507	ybdK
G4508	yahJ
G4509	yaiT
G4510	ydcW
G4511	decoy76
